activity_date,total_session_count,active_station_count,active_charger_count,total_energy_kwh,average_energy_kwh,average_duration_minutes,total_occupied_minutes,estimated_revenue_inr
2026-01-01,3705,174,1149,95026.41100000002,25.648154116059384,74.05074224021592,331880.0,1431200.8305000046
2026-01-02,3143,174,1147,80322.04499999918,25.555852688513898,72.04708876869233,274936.0,1192892.971500001
2026-01-03,3160,174,1148,80979.89199999945,25.62654810126565,71.34873417721519,274298.0,1220277.0889999971
2026-01-04,3195,174,1145,82127.33799999935,25.704957120500577,71.28857589984351,277656.0,1235078.3475
2026-01-05,3153,174,1148,80503.8339999993,25.532456073580494,72.3292102759277,276678.0,1212471.4164999996
2026-01-06,3215,174,1149,81937.24699999944,25.48592441679609,72.49486780715397,281986.0,1227148.6675000016
2026-01-07,3171,174,1146,79210.08999999943,24.979530116682255,70.958688111006,273090.0,1186547.1589999974
2026-01-08,3222,174,1148,80289.96399999932,24.91929360645541,71.87647423960273,280938.0,1204011.8010000011
2026-01-09,3215,174,1147,81119.61399999939,25.231606220839623,71.18227060653189,279181.0,1215428.16
2026-01-10,3178,174,1148,80593.92699999944,25.359951856513355,71.08653241032096,275030.0,1211851.184000003
2026-01-11,3224,174,1148,81352.69099999945,25.23346495037204,71.66346153846153,280882.0,1224759.2055000016
2026-01-12,3184,174,1149,81512.79999999936,25.600753768844022,70.95665829145729,275209.0,1226023.8070000035
2026-01-13,3218,174,1148,81727.5079999997,25.39698819142315,71.81852082038533,281430.0,1228636.716000003
2026-01-14,3170,174,1145,81565.22999999937,25.730356466876774,70.37097791798108,271641.0,1225051.112000004
2026-01-15,3205,174,1145,83389.40499999949,26.0185351014039,72.42995319812792,281778.0,1245732.850999998
2026-01-16,3210,174,1149,82568.66999999936,25.72232710280354,71.71713395638629,280501.0,1239631.3295000026
2026-01-17,3181,174,1149,82485.03899999955,25.9305372524362,73.46274756365922,283388.0,1236138.5435000015
2026-01-18,3214,174,1142,81407.78699999936,25.329118543870365,71.39794648413192,278357.0,1217639.1805000019
2026-01-19,3183,174,1149,81845.79999999951,25.713415017279143,71.23656927426956,275948.0,1229599.0770000017
2026-01-20,3201,174,1150,82886.32099999955,25.89388347391426,71.45173383317713,278812.0,1239475.698999999
2026-01-21,3216,174,1147,82598.35599999956,25.683568407960063,72.04757462686567,280980.0,1233915.7855000005
2026-01-22,3184,174,1149,82638.97199999956,25.954451005024985,72.68624371859296,280596.0,1240357.4235000007
2026-01-23,3219,174,1148,82942.74499999957,25.766618515066657,71.71637154395775,280997.0,1245580.1305000007
2026-01-24,3169,174,1145,80376.5539999995,25.363380877248183,70.94193751972232,274150.0,1207993.6370000017
2026-01-25,3190,174,1146,80010.83599999944,25.0817667711597,71.82664576802507,278226.0,1197814.7350000024
2026-01-26,3179,174,1148,80847.94599999949,25.431879836426386,71.98678829820699,277902.0,1213771.048500002
2026-01-27,3223,174,1148,81632.61099999934,25.328144896059367,72.10363015823766,282456.0,1223796.0529999975
2026-01-28,3201,174,1149,81365.64599999962,25.41882099343943,72.55263980006248,282120.0,1224172.6280000021
2026-01-29,3181,174,1148,80985.68199999948,25.45918956303033,71.62653253693807,276996.0,1216602.7875000013
2026-01-30,3225,174,1146,81152.91499999976,25.163694573643337,71.49116279069767,280236.0,1210798.3920000016
2026-01-31,3157,174,1148,81204.15299999916,25.721936331960457,72.20304086157745,276412.0,1214688.9865000006
2026-02-01,3202,174,1147,79476.76099999921,24.820974703310185,70.35696439725172,275033.0,1187681.9960000021
2026-02-02,3172,174,1149,80084.5589999993,25.247338902900157,71.90731399747793,277296.0,1204652.822000002
2026-02-03,3193,174,1147,81832.99199999942,25.6288731600374,72.25524585029753,280162.0,1222968.7074999986
2026-02-04,3186,174,1145,80362.80199999952,25.22372944130556,72.40364092906466,280356.0,1206706.5610000002
2026-02-05,3196,174,1148,80538.3659999995,25.19973904881086,71.91207759699624,279506.0,1209146.5845
2026-02-06,3211,174,1147,81092.16499999953,25.254489255683442,71.2834008097166,278603.0,1219438.7989999996
2026-02-07,3192,174,1148,80414.03999999941,25.192368421052446,72.02631578947368,279052.0,1205410.876499999
2026-02-08,3180,174,1146,81909.75099999923,25.75778333333309,72.3308176100629,279523.0,1230261.4864999978
2026-02-09,3231,174,1150,81818.16399999957,25.322861033735553,71.27762302692665,280245.0,1228054.9325
2026-02-10,3194,174,1149,81238.11399999948,25.434600500939098,72.05948653725736,279463.0,1217645.6274999995
2026-02-11,3196,174,1149,82630.64799999945,25.854395494367786,72.35137672090113,280834.0,1237520.4465000003
2026-02-12,3155,174,1148,80750.36199999954,25.59440950871618,73.49413629160064,281101.0,1212414.2710000018
2026-02-13,3197,174,1146,81869.95199999928,25.608367844854325,72.14701282452299,280016.0,1227179.3705000044
2026-02-14,3193,174,1150,79718.44599999927,24.96662887566529,72.48856874412778,281367.0,1180454.0985000024
2026-02-15,3218,174,1149,80412.61499999948,24.98838253573632,71.0733374766936,278377.0,1208957.968500005
2026-02-16,3210,174,1147,81326.44999999934,25.33534267912752,71.98317757009346,280949.0,1217230.157000001
2026-02-17,3169,174,1145,80469.24199999963,25.392629220574197,71.29473019880088,275034.0,1209414.7675000008
2026-02-18,3190,174,1149,81711.75699999921,25.614970846394737,73.07648902821316,283366.0,1225589.464000001
2026-02-19,3201,174,1149,80216.80199999963,25.059919400187326,71.51765073414558,278202.0,1206398.5264999985
2026-02-20,3196,174,1145,80836.50499999964,25.293024092615656,72.36514392991239,281790.0,1214207.3630000039
2026-02-21,3211,174,1150,82129.11899999958,25.577427281220675,71.97477421364061,280149.0,1233093.3885000004
2026-02-22,3221,174,1150,83603.98699999966,25.9559102763116,71.78578081341199,280760.0,1251571.7950000004
2026-02-23,3183,174,1147,80044.40099999934,25.147471253534196,72.41313226515865,279703.0,1199571.6139999996
2026-02-24,3175,174,1148,80374.50199999982,25.3148037795275,71.41165354330708,276059.0,1205531.738000004
2026-02-25,3231,174,1150,82399.32599999943,25.502731662023965,71.9368616527391,281558.0,1238688.426000003
2026-02-26,3191,174,1148,82285.52399999968,25.78675148856148,72.56471325603259,281564.0,1235192.418500001
2026-02-27,3232,174,1145,81427.54999999971,25.19416769801971,71.60736386138613,281399.0,1220822.8915000004
2026-02-28,3158,174,1148,81407.90099999952,25.778309373020747,71.89518682710576,275919.0,1226517.7694999997
2026-03-01,3222,174,1148,82309.0019999994,25.54593482309106,72.22222222222223,283503.0,1238309.631000004
2026-03-02,3150,174,1150,78766.89199999945,25.005362539682366,71.38507936507936,273835.0,1187165.8375000004
2026-03-03,3224,174,1145,83167.23999999938,25.796290322580454,72.01705955334988,281765.0,1249308.3050000027
2026-03-04,3201,174,1145,82536.69199999936,25.784658544204735,72.31084036238676,280719.0,1237847.1179999993
2026-03-05,3168,174,1148,82262.68199999955,25.96675568181804,71.93560606060606,277403.0,1231068.3690000025
2026-03-06,3222,174,1148,82016.9859999995,25.455302917442424,72.54003724394786,283603.0,1227848.9695000015
2026-03-07,3184,174,1145,81932.68299999944,25.73262657035158,72.23429648241206,278276.0,1229894.7570000025
2026-03-08,3220,174,1148,83766.95699999938,26.014582919254465,72.59472049689441,283524.0,1256784.2745000005
2026-03-09,3199,174,1146,82855.81699999937,25.900536730227998,72.25351672397625,280560.0,1241744.0300000028
2026-03-10,3219,174,1148,80219.71499999953,24.920694315004514,70.48337993165579,276292.0,1204866.0179999983
2026-03-11,3189,174,1147,80077.51299999944,25.110540294763073,71.14989024772656,275897.0,1200670.7685000023
2026-03-12,3195,174,1148,83109.20099999958,26.012269483567945,72.05320813771517,279524.0,1253373.540500003
2026-03-13,3186,174,1149,79795.12799999959,25.045551789077084,72.38669177652228,280096.0,1198896.5510000007
2026-03-14,3214,174,1149,82084.61199999932,25.539705040447828,72.92626011200996,284886.0,1237045.6045000022
2026-03-15,3202,174,1149,82364.69199999943,25.72288944409726,73.12991880074954,284276.0,1235690.6129999994
2026-03-16,3202,174,1149,83317.54299999955,26.02046939412853,72.59369144284823,282079.0,1254246.4680000015
2026-03-17,3198,174,1146,81061.41899999941,25.347535647279365,72.74859287054409,282115.0,1212576.0335000006
2026-03-18,3201,174,1149,81519.89899999935,25.467009996875774,72.59856294907841,281154.0,1224843.2525
2026-03-19,3220,174,1150,82177.70399999937,25.521026086956326,73.47857142857143,286854.0,1237382.5290000015
2026-03-20,3199,174,1146,81445.46999999933,25.45966552047494,71.97217880587684,280089.0,1222070.5569999989
2026-03-21,3183,174,1145,79659.11599999951,25.026426641532993,71.84637134778511,277767.0,1193901.2240000025
2026-03-22,3217,174,1150,81516.29699999937,25.339228162884478,72.57880012433945,283277.0,1226997.5565000016
2026-03-23,3168,174,1148,78347.13799999935,24.730788510100805,71.11111111111111,274815.0,1172683.8560000006
2026-03-24,3177,174,1149,81985.38499999951,25.80591281082767,71.14384639597104,275247.0,1233323.5344999987
2026-03-25,3237,174,1150,81369.83199999951,25.1374210688908,72.34599938214396,284153.0,1219796.8299999987
2026-03-26,3173,174,1148,82108.97999999933,25.8773967853764,71.98896942956193,277622.0,1235759.4395000017
2026-03-27,3216,174,1149,81914.8229999994,25.471027052238618,71.19869402985074,279458.0,1227465.8274999994
2026-03-28,3176,174,1146,80396.03599999934,25.313613350125735,71.16089420654912,275014.0,1206645.0025000037
2026-03-29,3199,174,1146,82264.48999999945,25.715689277899173,72.4738980931541,281213.0,1232739.3400000036
2026-03-30,3176,174,1150,81921.53299999953,25.79393356423159,71.20560453400503,275592.0,1231679.909
2026-03-31,1990,174,1138,51071.093999999684,25.663866331658134,73.2532663316583,176737.0,739181.2199999988
